,BJ,Fisher,HC,Logrank,minP,wilcoxon
q95,6.9117821832139885,4071.702031805675,4.777988048027676,1.9608585459211727,10.620356315592007,14.365464731841715
