,BJ,Fisher,HC,Logrank,minP,wilcoxon
q95,6.698572306530635,2101.6735095708627,4.439594269451711,1.9606719190403934,9.75323932893656,10.237861653322586
