,BJ,Fisher,HC,Logrank,minP,wilcoxon
q95,6.706184543914189,2054.206235557939,4.850064992784116,1.9524783481670456,9.931966717464622,10.887728382454933
