,BJ,Fisher,HC,Logrank,minP,wilcoxon
q95,6.605656140581746,1047.1013173778592,3.031814633334027,1.9551603775544562,9.19077961020915,9.504896459119854
